source,title,claim,link,date,fetched_at
maldita,"No, Cuba no ha emitido este ""comunicado especial"" para anunciar la activación de la ""opción cero"", que paraliza servicios básicos ante la ausencia de suministros externos","Cuba no ha emitido este ""comunicado especial"" para anunciar la activación de la ""opción cero"", que paraliza servicios básicos ante la ausencia de suministros externos",https://maldita.es/%23/20260320/cuba-declara-el-estado-de-preparacion-total-ante-la-ausencia-de-suministros-externos/,"Fri, 20 Mar 2026 17:28:24 +0100",2026-03-21 23:35
maldita,"No, Marina Sáenz no ha dicho que ""las parejas deben dormir en camas separadas"" porque las de matrimonio favorecen ""la violación del macho sobre la mujer""","Marina Sáenz no ha dicho que ""las parejas deben dormir en camas separadas"" porque las de matrimonio favorecen ""la violación del macho sobre la mujer""",https://maldita.es/malditobulo/20260319/marina-saenz-sumar-camas-matrimonio-violacion/,"Thu, 19 Mar 2026 16:18:00 +0100",2026-03-21 23:35
maldita,"No, este vídeo no muestra una protesta en Israel por los ataques israelíes a Irán: son imágenes al noreste de Irán",este vídeo no muestra una protesta en Israel por los ataques israelíes a Irán: son imágenes al noreste de Irán,https://maldita.es/%23/20260319/video-de-protestas-masivas-en-israel-con-manifestantes-incendiando-las-calles/,"Thu, 19 Mar 2026 11:38:39 +0100",2026-03-21 23:35
maldita,"No, esta fotografía de un grupo de niñas con hiyab no ha sido tomada en un colegio de Tías (Lanzarote): es un acto sobre el Corán organizado por la comunidad musulmana local en un centro sociocultural",esta fotografía de un grupo de niñas con hiyab no ha sido tomada en un colegio de Tías (Lanzarote): es un acto sobre el Corán organizado por la comunidad musulmana local en un centro sociocultural,https://maldita.es/%23/20260318/foto-ninas-hiyab-colegio-lanzarote/,"Wed, 18 Mar 2026 13:53:08 +0100",2026-03-21 23:35
maldita,"No, este vídeo no muestra varios edificios de Tel Aviv (Israel) en llamas tras el impacto de un misil iraní: son imágenes de 2025 en Hong Kong",este vídeo no muestra varios edificios de Tel Aviv (Israel) en llamas tras el impacto de un misil iraní: son imágenes de 2025 en Hong Kong,https://maldita.es/%23/20260318/video-muestra-varios-incendios-en-edificios-de-tel-aviv-israel-tras-el-impacto-de-un-misil-irani/,"Wed, 18 Mar 2026 13:34:00 +0100",2026-03-21 23:35
maldita,"No, Gloria Serra no ha promocionado la supuesta plataforma de inversión Noble Capitenza: es un timo",Gloria Serra no ha promocionado la supuesta plataforma de inversión Noble Capitenza: es un timo,https://maldita.es/%23/20260317/gloria-serra-promociona-la-plataforma-de-inversion-noble-capitenza-con-la-que-ganar-entre-2800-y-4500-euros-al-mes/,"Tue, 17 Mar 2026 16:55:41 +0100",2026-03-21 23:35
maldita,"No, este SMS de ""un cargo de 9.370,20 euros aprobado por defecto en una hora"" no es del banco ING: es un timo","este SMS de ""un cargo de 9.370,20 euros aprobado por defecto en una hora"" no es del banco ING: es un timo",https://maldita.es/%23/20260317/ing-manda-un-sms-de-validacion-de-un-cargo-de-937020-euros-que-se-aprobara-por-defecto-en-menos-de-una-hora/,"Tue, 17 Mar 2026 10:55:02 +0100",2026-03-21 23:35
newtral,El audio de Trump sugiriendo emprender una guerra para evitar que se publiquen los archivos de Epstein es IA,El audio de Trump sugiriendo emprender una guerra para evitar que se publiquen los archivos de Epstein es IA,https://www.newtral.es/audio-trump-archivos-epstein-ia/20260321/,"Sat, 21 Mar 2026 14:16:24 +0000",2026-03-21 23:35
newtral,Este vídeo de un centro de datos de Amazon ardiendo está generado con IA,Este vídeo de un centro de datos de Amazon ardiendo está generado con IA,https://www.newtral.es/centro-amazon-ardiendo/20260320/,"Fri, 20 Mar 2026 14:58:29 +0000",2026-03-21 23:35
newtral,Este vídeo no muestra el aeropuerto de Dubái en llamas tras un ataque de Irán,Este vídeo no muestra el aeropuerto de Dubái en llamas tras un ataque de Irán,https://www.newtral.es/aeropuerto-dubai-llamas-iran/20260320/,"Fri, 20 Mar 2026 14:57:05 +0000",2026-03-21 23:35
newtral,Este vídeo de un niño llorando sobre un ataúd con la bandera de EEUU tras la muerte de su padre en Irán es IA,Este vídeo de un niño llorando sobre un ataúd con la bandera de EEUU tras la muerte de su padre en Irán es IA,https://www.newtral.es/nino-ataud-estados-unidos-bandera/20260320/,"Fri, 20 Mar 2026 12:14:51 +0000",2026-03-21 23:35
efe_verifica,Desinformación tras los bombardeos de EE.UU. e Israel a Irán,Desinformación tras los bombardeos de EE.UU. e Israel a Irán,https://verifica.efe.com/desinformacion-ataques-oriente-medio-bombardeos-israel-eeuu-iran/,"Fri, 20 Mar 2026 15:11:13 +0000",2026-03-21 23:35
efe_verifica,Este video no muestra a un caza militar escoltando un avión comercial en Dubái durante el conflicto en Oriente Medio,Este video no muestra a un caza militar escoltando un avión comercial en Dubái durante el conflicto en Oriente Medio,https://verifica.efe.com/video-caza-escoltando-avion-comercial-guerra-oriente-medio/,"Fri, 20 Mar 2026 14:17:31 +0000",2026-03-21 23:35
efe_verifica,¿Por qué la gente sigue creyendo que Netanyahu ha muerto?,¿Por qué la gente sigue creyendo que Netanyahu ha muerto?,https://verifica.efe.com/por-que-la-gente-sigue-creyendo-que-netanyahu-ha-muerto/,"Fri, 20 Mar 2026 11:51:48 +0000",2026-03-21 23:35
efe_verifica,"No es un ataque de Irán a una central nuclear de Israel, es un vídeo creado con IA","No es un ataque de Irán a una central nuclear de Israel, es un vídeo creado con IA",https://verifica.efe.com/ataque-iran-central-nuclear-israel-dimona-falso-video-creado-con-ia/,"Thu, 19 Mar 2026 15:51:45 +0000",2026-03-21 23:35
efe_verifica,Ni la escuela de Irán ni la matanza de Bucha: la nueva propaganda para negar masacres,Ni la escuela de Irán ni la matanza de Bucha: la nueva propaganda para negar masacres,https://verifica.efe.com/ni-escuela-iran-ni-bucha-propaganda-para-negar-masacres/,"Wed, 18 Mar 2026 12:26:33 +0000",2026-03-21 23:35
efe_verifica,"Este vídeo de un rascacielos colapsando en Tel Aviv por un misil iraní no es real, es IA","Este vídeo de un rascacielos colapsando en Tel Aviv por un misil iraní no es real, es IA",https://verifica.efe.com/este-video-de-un-rascacielos-colapsando-en-tel-aviv-por-un-misil-irani-no-es-real-es-ia/,"Tue, 17 Mar 2026 16:59:30 +0000",2026-03-21 23:35
efe_verifica,"No es un ataque iraní al aeropuerto de Dubai o a las dependencias del Mossad en Tel Aviv, es un incendio en un mercado de Emiratos Árabes en 2020","No es un ataque iraní al aeropuerto de Dubai o a las dependencias del Mossad en Tel Aviv, es un incendio en un mercado de Emiratos Árabes en 2020",https://verifica.efe.com/no-es-ataque-irani-eropuerto-dubai-o-mossad-tel-aviv-es-ncendio-mercado-emiratos-arabes-2020/,"Tue, 17 Mar 2026 15:33:01 +0000",2026-03-21 23:35
efe_verifica,Nada prueba que el video de un discurso de Netanyahu esté generado con IA,Nada prueba que el video de un discurso de Netanyahu esté generado con IA,https://verifica.efe.com/nada-prueba-video-netanyahu-seis-dedos/,"Sat, 14 Mar 2026 21:12:45 +0000",2026-03-21 23:35
efe_verifica,"No es un ataque de Irán a una base estadounidense en Jordania, es un vídeo generado con IA","No es un ataque de Irán a una base estadounidense en Jordania, es un vídeo generado con IA",https://verifica.efe.com/no-es-ataque-base-estadounidense-jordania-es-video-generado-con-ia/,"Fri, 13 Mar 2026 17:05:40 +0000",2026-03-21 23:35
efe_verifica,Unas imágenes que muestran a militares estadounidenses capturados por Irán están creadas con IA,Unas imágenes que muestran a militares estadounidenses capturados por Irán están creadas con IA,https://verifica.efe.com/imagenes-muestran-rehenes-ejercito-estadounidense-iran-creados-ia/,"Wed, 11 Mar 2026 18:52:12 +0000",2026-03-21 23:35
efe_verifica,La imagen de un misil iraní con una inscripción sobre las víctimas de Epstein es falsa,La imagen de un misil iraní con una inscripción sobre las víctimas de Epstein es falsa,https://verifica.efe.com/imagen-misil-irani-con-inscripcion-memoria-victimas-lista-epstein-generada-con-ia/,"Wed, 11 Mar 2026 16:15:36 +0000",2026-03-21 23:35
efe_verifica,Los policías israelíes que aparecen en un vídeo no retiran cámaras de vigilancia para ocultar los daños causados por los misiles de Irán,Los policías israelíes que aparecen en un vídeo no retiran cámaras de vigilancia para ocultar los daños causados por los misiles de Irán,https://verifica.efe.com/policias-israelies-no-retiran-camaras-vigilancia-ocultar-danos-misiles-iran/,"Wed, 11 Mar 2026 10:44:34 +0000",2026-03-21 23:35
efe_verifica,"No es Tel Aviv tras un bombardeo iraní, es un incendio en El Cairo","No es Tel Aviv tras un bombardeo iraní, es un incendio en El Cairo",https://verifica.efe.com/no-es-tel-aviv-tras-un-bombardeo-irani-es-un-incendio-en-el-cairo/,"Tue, 10 Mar 2026 17:08:59 +0000",2026-03-21 23:35
efe_verifica,El análisis de un nuevo vídeo apunta a que el misil que impactó contra la escuela de Irán era estadounidense,El análisis de un nuevo vídeo apunta a que el misil que impactó contra la escuela de Irán era estadounidense,https://verifica.efe.com/misil-estadounidense-impacto-en-la-escuela-de-iran/,"Tue, 10 Mar 2026 16:56:49 +0000",2026-03-21 23:35
efe_verifica,"Irán no ha bombardeado la casa de Netanyahu ni acabado con la vida de su hermano, es un vídeo de un incendio en Nueva Jersey","Irán no ha bombardeado la casa de Netanyahu ni acabado con la vida de su hermano, es un vídeo de un incendio en Nueva Jersey",https://verifica.efe.com/iran-no-bombardeo-casa-netanyahu-ni-mato-su-hermano-falso/,"Tue, 10 Mar 2026 14:07:02 +0000",2026-03-21 23:35
efe_verifica,El trastorno autista no es una infección intestinal que se cura con dieta y dióxido de cloro,El trastorno autista no es una infección intestinal que se cura con dieta y dióxido de cloro,https://verifica.efe.com/trastorno-autista-no-infeccion-intestinal-no-cura-dioxido-de-cloro-falso/,"Mon, 09 Mar 2026 22:14:46 +0000",2026-03-21 23:35
efe_verifica,"Este vídeo de un bombardeo masivo en Tel Aviv no es actual, son imágenes de 2024","Este vídeo de un bombardeo masivo en Tel Aviv no es actual, son imágenes de 2024",https://verifica.efe.com/no-es-bombardeo-tel-aviv-es-antiguo/,"Mon, 09 Mar 2026 17:35:24 +0000",2026-03-21 23:35
efe_verifica,"No es Valencia como dice Grok, ni un reciente bombardeo iraní, estas imágenes corresponden a un ataque israelí en Beirut en 2024","No es Valencia como dice Grok, ni un reciente bombardeo iraní, estas imágenes corresponden a un ataque israelí en Beirut en 2024",https://verifica.efe.com/falso-grok-iran-bombardeo-valencia/,"Mon, 09 Mar 2026 10:56:30 +0000",2026-03-21 23:35
efe_verifica,"Este video no muestra un bombardeo iraní contra Dubái, es IA","Este video no muestra un bombardeo iraní contra Dubái, es IA",https://verifica.efe.com/este-video-no-muestra-un-bombardeo-irani-contra-dubai-es-ia/,"Mon, 09 Mar 2026 02:17:04 +0000",2026-03-21 23:35
efe_verifica,8M: La IA potencia el arsenal de desinformación degradante contra las mujeres,8M: La IA potencia el arsenal de desinformación degradante contra las mujeres,https://verifica.efe.com/ia-potencia-arsenal-desinformacion-degradante-contra-mujeres/,"Sun, 08 Mar 2026 14:00:00 +0000",2026-03-21 23:35
efe_verifica,EFE Verifica refuerza la lucha contra la desinformación y el odio en Brasil con dos talleres en línea,EFE Verifica refuerza la lucha contra la desinformación y el odio en Brasil con dos talleres en línea,https://verifica.efe.com/taller-desinformacion-y-odio-brasil/,"Sat, 07 Mar 2026 20:33:38 +0000",2026-03-21 23:35
efe_verifica,Este video no muestra aviones militares estadounidenses huyendo de Dubái,Este video no muestra aviones militares estadounidenses huyendo de Dubái,https://verifica.efe.com/video-aviones-militares-estados-unidos-dubai-falso/,"Sat, 07 Mar 2026 18:19:55 +0000",2026-03-21 23:35
efe_verifica,"Así fue la conversación entre la ministra de Defensa y el embajador de EE.  UU.,  según el análisis de EFE Verifica","Así fue la conversación entre la ministra de Defensa y el embajador de EE.  UU.,  según el análisis de EFE Verifica",https://verifica.efe.com/asi-fue-el-dialogo-entre-robles-y-el-embajador-de-eeuu-segun-el-analisis-de-efe-verifica/,"Fri, 06 Mar 2026 16:15:32 +0000",2026-03-21 23:35
efe_verifica,"Las imágenes de un misil de Irán que impacta en Haifa no son reales, es IA","Las imágenes de un misil de Irán que impacta en Haifa no son reales, es IA",https://verifica.efe.com/video-misil-iran-en-haifa-es-ia/,"Thu, 05 Mar 2026 15:18:34 +0000",2026-03-21 23:35
efe_verifica,"Este vídeo no muestra un gigantesco misil iraní, es el traslado de un tanque de petróleo a una instalación petroquímica saudí","Este vídeo no muestra un gigantesco misil iraní, es el traslado de un tanque de petróleo a una instalación petroquímica saudí",https://verifica.efe.com/video-misil-irani-es-tanque-petroleo-hacia-una-instalacion-petroquimica-saudi/,"Thu, 05 Mar 2026 12:30:41 +0000",2026-03-21 23:35
efe_verifica,"Este video no muestra un ataque a una supuesta sede de la CIA en Dubai, es un video antiguo","Este video no muestra un ataque a una supuesta sede de la CIA en Dubai, es un video antiguo",https://verifica.efe.com/no-es-video-sobre-ataque-base-cia-en-dubai/,"Wed, 04 Mar 2026 16:17:06 +0000",2026-03-21 23:35
efe_verifica,"Este vídeo no muestra un bombardeo masivo de Irán a Tel Aviv, es IA","Este vídeo no muestra un bombardeo masivo de Irán a Tel Aviv, es IA",https://verifica.efe.com/video-bombardeo-masivo-iran-en-tel-aviv-es-ia/,"Wed, 04 Mar 2026 03:14:12 +0000",2026-03-21 23:35
efe_verifica,Un vídeo que muestra ataques a instalaciones militares iraníes es antiguo y en su mayor parte creado con IA,Un vídeo que muestra ataques a instalaciones militares iraníes es antiguo y en su mayor parte creado con IA,https://verifica.efe.com/video-ataques-instalaciones-militares-iranies-antiguo-creado-con-ia-falso/,"Tue, 03 Mar 2026 17:39:00 +0000",2026-03-21 23:35
efe_verifica,"Un vídeo no muestra el impacto de un misil de Irán en un rascacielos de Baréin, es IA","Un vídeo no muestra el impacto de un misil de Irán en un rascacielos de Baréin, es IA",https://verifica.efe.com/un-video-no-muestra-el-impacto-de-un-misil-en-un-rascacielos-de-barein-es-ia/,"Mon, 02 Mar 2026 18:43:05 +0000",2026-03-21 23:35
efe_verifica,Irán no ha admitido ser el autor del ataque a una escuela femenina,Irán no ha admitido ser el autor del ataque a una escuela femenina,https://verifica.efe.com/iran-no-ha-admitido-ser-el-autor-del-ataque-a-una-escuela-femenina/,"Mon, 02 Mar 2026 18:06:42 +0000",2026-03-21 23:35
maldita_bulos,"No, Marina Sáenz no ha dicho que ""las parejas deben dormir en camas separadas"" porque las de matrimonio favorecen ""la violación del macho sobre la mujer""","No, Marina Sáenz no ha dicho que ""las parejas deben dormir en camas separadas"" porque las de matrimonio favorecen ""la violación del macho sobre la mujer""",https://maldita.es/malditobulo/20260319/marina-saenz-sumar-camas-matrimonio-violacion/,"Thu, 19 Mar 2026 16:18:00 +0100",2026-03-21 23:35
maldita_bulos,"Cuidado con los contenidos que afirman que la capilla católica de la T4 del Aeropuerto de Madrid ""se va al semisótano"" mientras la mezquita ""se queda en la planta principal"": ambas salas se encuentran en la primera planta","Cuidado con los contenidos que afirman que la capilla católica de la T4 del Aeropuerto de Madrid ""se va al semisótano"" mientras la mezquita ""se queda en la planta principal"": ambas salas se encuentran en la primera planta",https://maldita.es/malditobulo/20260319/capilla-catolica-aeropuerto-madrid-semisotano-mezquita/,"Thu, 19 Mar 2026 11:58:00 +0100",2026-03-21 23:35
maldita_bulos,"Bulos, desinformaciones y contexto sobre los ataques de Estados Unidos e Israel a Irán y la respuesta iraní en febrero y marzo de 2026","Bulos, desinformaciones y contexto sobre los ataques de Estados Unidos e Israel a Irán y la respuesta iraní en febrero y marzo de 2026",https://maldita.es/malditobulo/20260319/bulos-ataques-estados-unidos-israel-iran/,"Thu, 19 Mar 2026 11:43:00 +0100",2026-03-21 23:35
maldita_bulos,"Cuidado con los contenidos que dicen que ya no tienes que ""pagar el alquiler si tu casero tiene tres casas"": la suspensión de los desahucios del Gobierno tiene que cumplir requisitos","Cuidado con los contenidos que dicen que ya no tienes que ""pagar el alquiler si tu casero tiene tres casas"": la suspensión de los desahucios del Gobierno tiene que cumplir requisitos",https://maldita.es/malditobulo/20260318/si-tu-casero-tiene-3-casas-ya-no-hace-falta-pagar-el-alquiler-porque-no-te-van-a-desahuciar-segun-una-nueva-medida-del-gobierno/,"Wed, 18 Mar 2026 09:26:00 +0100",2026-03-21 23:35
maldita_bulos,"Sí, los desahucios se pueden paralizar cuando el propietario tiene más de tres viviendas, no está en situación vulnerable y el inquilino sí: ahora se excluye a los dueños de una o dos casas","Sí, los desahucios se pueden paralizar cuando el propietario tiene más de tres viviendas, no está en situación vulnerable y el inquilino sí: ahora se excluye a los dueños de una o dos casas",https://maldita.es/malditobulo/20260318/en-el-caso-de-propietarios-de-tres-o-mas-viviendas-no-se-ejecutara-el-desahucio-cuando-haya-un-contrato-previo-y-el-propietario-no-sea-vulnerable/,"Wed, 18 Mar 2026 09:25:00 +0100",2026-03-21 23:35
maldita_bulos,Los ciudadanos árabes en los refugios antiaéreos de Israel y el programa 'Horizonte': preguntas y respuestas,Los ciudadanos árabes en los refugios antiaéreos de Israel y el programa 'Horizonte': preguntas y respuestas,https://maldita.es/malditobulo/20260317/arabes-bombardeos-refugios-israel-50000-euros/,"Tue, 17 Mar 2026 15:27:00 +0100",2026-03-21 23:35
maldita_bulos,La campaña #LosProdigiososDeEcovidrio de la Fundación Prodis: finalizó en 2019 y Cáritas no ha colaborado nunca con la fundación,La campaña #LosProdigiososDeEcovidrio de la Fundación Prodis: finalizó en 2019 y Cáritas no ha colaborado nunca con la fundación,https://maldita.es/malditobulo/20260317/si-la-campana-de-la-fundacion-prodis-con-la-cancion-de-antonio-flores-llega-a-un-millon-de-visualizaciones-van-a-donar-6000-euros-a-la-fundacion/,"Tue, 17 Mar 2026 10:21:00 +0100",2026-03-21 23:35
maldita_bulos,"""Ha muerto en un bombardeo"": cómo han circulado teorías sin pruebas sobre la muerte de líderes y altos mandos de Israel","""Ha muerto en un bombardeo"": cómo han circulado teorías sin pruebas sobre la muerte de líderes y altos mandos de Israel",https://maldita.es/malditobulo/20260316/teorias-lideres-israel-muertos/,"Mon, 16 Mar 2026 16:46:00 +0100",2026-03-21 23:35
maldita_bulos,Por qué para poder suplantar la identidad de una persona en las elecciones no vale con falsificar el DNI digital,Por qué para poder suplantar la identidad de una persona en las elecciones no vale con falsificar el DNI digital,https://maldita.es/malditobulo/20260314/midni-digital-suplantar-identidad-elecciones/,"Sat, 14 Mar 2026 22:28:43 +0100",2026-03-21 23:35
maldita_bulos,"Cuidado con la oferta de una cirugía de bypass coronario ""con cargo al sistema público español"": la asistencia sanitaria gratuita es para residentes en España","Cuidado con la oferta de una cirugía de bypass coronario ""con cargo al sistema público español"": la asistencia sanitaria gratuita es para residentes en España",https://maldita.es/malditobulo/20260313/oferta-en-colombia-para-hacerse-una-cirugia-de-bypass-coronario-gratuita-en-espana-y-tramitacion-de-residencia-bajo-la-nueva-ley-de-extranjeria/,"Fri, 13 Mar 2026 17:30:39 +0100",2026-03-21 23:35
maldita_bulos,"Qué sabemos sobre la ampliación de la cobertura sanitaria para ""inmigrantes irregulares"": es un derecho reconocido desde 2018","Qué sabemos sobre la ampliación de la cobertura sanitaria para ""inmigrantes irregulares"": es un derecho reconocido desde 2018",https://maldita.es/malditobulo/20260313/sanidad-permitira-el-acceso-a-la-atencion-sanitaria-a-inmigrantes-en-situacion-irregular/,"Fri, 13 Mar 2026 17:07:49 +0100",2026-03-21 23:35
maldita_bulos,Cuidado con los mensajes que alertan de que se hacen pasar por empleados del Instituto Nacional de Estadística y Censos para robar fotos y huellas digitales,Cuidado con los mensajes que alertan de que se hacen pasar por empleados del Instituto Nacional de Estadística y Censos para robar fotos y huellas digitales,https://maldita.es/malditobulo/20260313/se-hacen-pasar-por-empleados-del-instituto-nacional-de-estadistica-y-censos-para-robar-fotos-y-huellas-digitales/,"Fri, 13 Mar 2026 15:58:00 +0100",2026-03-21 23:35
maldita_bulos,"Las desinformaciones sobre el vídeo de mujeres con hiyab en un Cajamar de Mazarrón para ""cobrar una paguita""","Las desinformaciones sobre el vídeo de mujeres con hiyab en un Cajamar de Mazarrón para ""cobrar una paguita""",https://maldita.es/malditobulo/20260313/video-mujeres-hiyab-cajamar-mazarron/,"Fri, 13 Mar 2026 15:04:00 +0100",2026-03-21 23:35
maldita_bulos,"No, este vídeo de una calle llena de escombros y varios fuegos activos no está grabado en Israel: son imágenes de febrero de 2025 en Filadelfia (EEUU)","No, este vídeo de una calle llena de escombros y varios fuegos activos no está grabado en Israel: son imágenes de febrero de 2025 en Filadelfia (EEUU)",https://maldita.es/malditobulo/20260313/video-muestra-una-zona-llena-de-escombros-y-varios-fuegos-activos-tras-el-impacto-de-misiles-iranies-en-israel/,"Fri, 13 Mar 2026 13:06:56 +0100",2026-03-21 23:35
maldita_bulos,Christine Lagarde y la frase 'los ancianos viven demasiado': no hay pruebas de que la haya pronunciado nunca y ahora se relaciona con el coronavirus,Christine Lagarde y la frase 'los ancianos viven demasiado': no hay pruebas de que la haya pronunciado nunca y ahora se relaciona con el coronavirus,https://maldita.es/malditobulo/20260313/christine-lagarde-tenemos-que-hacer-algo-ya-ancianos-viven-demasiado-y-es-un-riesgo-para-la-economia-mundial/,"Fri, 13 Mar 2026 12:29:00 +0100",2026-03-21 23:35
maldita_bulos,"Sí, un hombre senegalés ha sido condenado a trabajos comunitarios y pagar una indemnización por la agresión sexual a una menor: no entrará en prisión si no delinque en tres años","Sí, un hombre senegalés ha sido condenado a trabajos comunitarios y pagar una indemnización por la agresión sexual a una menor: no entrará en prisión si no delinque en tres años",https://maldita.es/malditobulo/20260313/un-senegales-que-abuso-de-una-nina-de-14-anos-evita-entrar-a-prision-haciendo-60-dias-de-trabajos-comunitarios/,"Fri, 13 Mar 2026 12:09:42 +0100",2026-03-21 23:35
maldita_bulos,"No, no se están hackeando cuentas con ""imágenes pre-elaboradas de los buenos días, buenas noches, o que tengas una feliz semana"" que contienen ""códigos de phishing""","No, no se están hackeando cuentas con ""imágenes pre-elaboradas de los buenos días, buenas noches, o que tengas una feliz semana"" que contienen ""códigos de phishing""",https://maldita.es/malditobulo/20260312/no-no-se-estan-hackeando-cuentas-con-imagenes-pre-elaboradas-de-los-buenos-dias-buenas-noches-o-que-tengas-una-feliz-semana-que-contienen-codigos-de-phishing-3/,"Thu, 12 Mar 2026 17:17:00 +0100",2026-03-21 23:35
maldita_bulos,"Sí, el Banco de Suecia recomendó a sus ciudadanos tener 1.000 coronas de efectivo por adulto en casa por “la situación global actual”","Sí, el Banco de Suecia recomendó a sus ciudadanos tener 1.000 coronas de efectivo por adulto en casa por “la situación global actual”",https://maldita.es/malditobulo/20260312/suecia-recomienda-a-sus-ciudadanos-tener-dinero-en-efectivo/,"Thu, 12 Mar 2026 15:02:34 +0100",2026-03-21 23:35
maldita_bulos,"No, el Parlamento Europeo no ha dictaminado que las pensiones deben estar exentas de pagar IRPF","No, el Parlamento Europeo no ha dictaminado que las pensiones deben estar exentas de pagar IRPF",https://maldita.es/malditobulo/20260312/parlamento-europeo-dictamen-pensiones-irpf/,"Thu, 12 Mar 2026 14:49:00 +0100",2026-03-21 23:35
maldita_bulos,"Qué sabemos sobre el vídeo de la agresión de ""cuatro magrebíes"" a un joven ""por defender a una chica"": ocurrió en Bélgica y las autoridades no dan detalles sobre el origen de los agresores","Qué sabemos sobre el vídeo de la agresión de ""cuatro magrebíes"" a un joven ""por defender a una chica"": ocurrió en Bélgica y las autoridades no dan detalles sobre el origen de los agresores",https://maldita.es/malditobulo/20260312/cuatro-magrebies-causan-lesiones-medulares-irreversibles-a-un-chico-al-que-dieron-una-paliza-por-intentar-defender-a-una-chica/,"Thu, 12 Mar 2026 14:04:51 +0100",2026-03-21 23:35
maldita_bulos,"El AOVE con origen ""UE y no UE"" y su supuesta procedencia de Marruecos: no hay pruebas y la empresa que agrupa a las tres grandes marcas mencionadas lo niega","El AOVE con origen ""UE y no UE"" y su supuesta procedencia de Marruecos: no hay pruebas y la empresa que agrupa a las tres grandes marcas mencionadas lo niega",https://maldita.es/malditobulo/20260312/origen-aceite-oliva-ue-no-ue-marruecos/,"Thu, 12 Mar 2026 13:57:00 +0100",2026-03-21 23:35
maldita_bulos,No hay rastro de que Italia haya lanzado un “ultimátum” de 72 horas a Alemania por intentar “controlar su economía” a 12 de marzo de 2026,No hay rastro de que Italia haya lanzado un “ultimátum” de 72 horas a Alemania por intentar “controlar su economía” a 12 de marzo de 2026,https://maldita.es/malditobulo/20260312/italia-lanza-ultimatum-de-72-horas-a-alemania-y-la-union-europea-entra-en-panico/,"Thu, 12 Mar 2026 12:47:29 +0100",2026-03-21 23:35
maldita_bulos,Qué sabemos sobre la autoría de la destrucción de una escuela iraní el 28 de febrero de 2026,Qué sabemos sobre la autoría de la destrucción de una escuela iraní el 28 de febrero de 2026,https://maldita.es/malditobulo/20260312/estados-unidos-e-israel-acaban-de-bombardear-iran-y-su-primer-ataque-fue-a-una-escuela-de-ninas/,"Thu, 12 Mar 2026 11:50:00 +0100",2026-03-21 23:35
maldita_bulos,"No, este vídeo no muestra un ataque iraní a una desalinizadora de Israel: son imágenes de 2025 tras el paso de la tormenta Byron en Israel","No, este vídeo no muestra un ataque iraní a una desalinizadora de Israel: son imágenes de 2025 tras el paso de la tormenta Byron en Israel",https://maldita.es/malditobulo/20260312/la-planta-desalinizadora-sorek-en-israel-fue-atacada-el-28-de-febrero-de-2026-provocando-inundaciones/,"Thu, 12 Mar 2026 09:02:42 +0100",2026-03-21 23:35
maldita_bulos,"No, Ayuso no habla en este vídeo de trenes ni Puente responde ""los trenes puede que lleguen tarde, pero el retraso lo tiene Ayuso"": es un ""montaje""","No, Ayuso no habla en este vídeo de trenes ni Puente responde ""los trenes puede que lleguen tarde, pero el retraso lo tiene Ayuso"": es un ""montaje""",https://maldita.es/malditobulo/20260311/oscar-puente-responde-a-ayuso-los-trenes-pueden-llegar-tarde-pero-el-retraso-lo-tiene-ella/,"Wed, 11 Mar 2026 15:48:22 +0100",2026-03-21 23:35
maldita_bulos,"No, este vídeo no muestra una manifestación reciente en Madrid en apoyo a Irán: son imágenes de 2025 de una protesta por Palestina","No, este vídeo no muestra una manifestación reciente en Madrid en apoyo a Irán: son imágenes de 2025 de una protesta por Palestina",https://maldita.es/malditobulo/20260311/video-muestra-una-manifestacion-en-madrid-en-apoyo-a-iran-en-marzo-de-2026/,"Wed, 11 Mar 2026 15:20:50 +0100",2026-03-21 23:35
maldita_bulos,"No, este vídeo no muestra un ataque iraní a una refinería de Haifa (Israel): son imágenes de una central eléctrica en Yemen en 2025","No, este vídeo no muestra un ataque iraní a una refinería de Haifa (Israel): son imágenes de una central eléctrica en Yemen en 2025",https://maldita.es/malditobulo/20260311/video-muestra-la-central-electrica-del-grupo-bazan-en-haifa-israel-en-llamas-tras-ataques-de-iran/,"Wed, 11 Mar 2026 14:44:21 +0100",2026-03-21 23:35
maldita_bulos,"No, esta imagen de ""Pedro Sánchez tras desplomarse por agotamiento severo"" en el Congreso no es real: ha sido creada con Gemini, la IA de Google","No, esta imagen de ""Pedro Sánchez tras desplomarse por agotamiento severo"" en el Congreso no es real: ha sido creada con Gemini, la IA de Google",https://maldita.es/malditobulo/20260311/imagen-de-pedro-sanchez-tras-desplomarse-por-agotamiento-severo/,"Wed, 11 Mar 2026 14:01:08 +0100",2026-03-21 23:35
maldita_bulos,Qué sabemos sobre el supuesto voto del PSOE con el que Marruecos podrá ocultar el origen de los alimentos en Europa,Qué sabemos sobre el supuesto voto del PSOE con el que Marruecos podrá ocultar el origen de los alimentos en Europa,https://maldita.es/malditobulo/20260311/marruecos-podra-ocultar-el-origen-de-su-fruta-que-se-venda-en-espana/,"Wed, 11 Mar 2026 12:58:00 +0100",2026-03-21 23:35
maldita_bulos,Este vídeo no muestra a un general iraní suicidándose en directo por traicionar a su país por dar posiciones exactas al enemigo durante los ataques de EEUU e Israel contra Irán,Este vídeo no muestra a un general iraní suicidándose en directo por traicionar a su país por dar posiciones exactas al enemigo durante los ataques de EEUU e Israel contra Irán,https://maldita.es/malditobulo/20260311/el-general-que-traiciono-al-lider-irani-dando-posiciones-exactas-al-enemigo-se-suicida-en-directo/,"Wed, 11 Mar 2026 12:54:31 +0100",2026-03-21 23:35
maldita_bulos,"No, el Gran Wyoming no se enfadó y gritó a una becaria durante una grabación de El Intermedio: fue una broma para Intereconomía","No, el Gran Wyoming no se enfadó y gritó a una becaria durante una grabación de El Intermedio: fue una broma para Intereconomía",https://maldita.es/malditobulo/20260311/el-gran-wyoming-se-enfada-y-grita-a-una-becaria-que-entra-en-plato-cuando-esta-ensayando-el-programa/,"Wed, 11 Mar 2026 12:52:00 +0100",2026-03-21 23:35
maldita_bulos,"No, este vídeo de dos barcos con bandera estadounidense entrando en el puerto de Ayamonte (Huelva) no es real: están generados con inteligencia artificial","No, este vídeo de dos barcos con bandera estadounidense entrando en el puerto de Ayamonte (Huelva) no es real: están generados con inteligencia artificial",https://maldita.es/malditobulo/20260311/dos-buques-con-bandera-estadounidense-llegan-al-puerto-de-ayamonte-huelva/,"Wed, 11 Mar 2026 12:19:59 +0100",2026-03-21 23:35
maldita_bulos,Cuidado con este vídeo de un supuesto soldado estadounidense llorando tras un ataque iraní: presenta indicios de haber sido generado con IA,Cuidado con este vídeo de un supuesto soldado estadounidense llorando tras un ataque iraní: presenta indicios de haber sido generado con IA,https://maldita.es/malditobulo/20260311/soldado-estadounidense-llorando-iran/,"Wed, 11 Mar 2026 11:29:04 +0100",2026-03-21 23:35
maldita_bulos,"No, este vídeo del incendio de un edificio no está grabado en Israel: son imágenes del 8 de marzo de 2026 en Glasgow (Escocia)","No, este vídeo del incendio de un edificio no está grabado en Israel: son imágenes del 8 de marzo de 2026 en Glasgow (Escocia)",https://maldita.es/malditobulo/20260311/video-muestra-las-tareas-de-extincion-de-un-incendio-en-israel/,"Wed, 11 Mar 2026 10:45:57 +0100",2026-03-21 23:35
maldita_bulos,"No, este vídeo no es de ataques de Irán a Tel Aviv (Israel) en marzo de 2026: ya se difundía en 2025","No, este vídeo no es de ataques de Irán a Tel Aviv (Israel) en marzo de 2026: ya se difundía en 2025",https://maldita.es/malditobulo/20260311/video-del-ataque-con-misiles-de-iran-a-tel-aviv/,"Wed, 11 Mar 2026 10:38:55 +0100",2026-03-21 23:35
maldita_bulos,Cuidado con este vídeo de una calle destruida que se difunde como Tel Aviv: no hay rastro de que la tienda que aparece esté en Israel,Cuidado con este vídeo de una calle destruida que se difunde como Tel Aviv: no hay rastro de que la tienda que aparece esté en Israel,https://maldita.es/malditobulo/20260311/video-muestra-una-calle-hecha-escombros-en-tel-aviv-israel-el-7-de-marzo-de-2026/,"Wed, 11 Mar 2026 10:38:42 +0100",2026-03-21 23:35
maldita_bulos,"De canales estatales iraníes a la red de propaganda rusa Pravda: cómo Irán, Rusia o EEUU difunden desinformación sobre el conflicto en Oriente Próximo","De canales estatales iraníes a la red de propaganda rusa Pravda: cómo Irán, Rusia o EEUU difunden desinformación sobre el conflicto en Oriente Próximo",https://maldita.es/malditobulo/20260311/guerra-iran-fimi/,"Wed, 11 Mar 2026 08:53:09 +0100",2026-03-21 23:35
maldita_bulos,"Qué sabemos sobre que se impartan clases de ""árabe y cultura marroquí"" en los colegios españoles","Qué sabemos sobre que se impartan clases de ""árabe y cultura marroquí"" en los colegios españoles",https://maldita.es/malditobulo/20260311/clases-arabe-cultura-marroqui-espana/,"Wed, 11 Mar 2026 08:43:00 +0100",2026-03-21 23:35
maldita_bulos,"No, esta imagen de soldados estadounidenses detenidos por Irán no es real: está generada con inteligencia artificial","No, esta imagen de soldados estadounidenses detenidos por Irán no es real: está generada con inteligencia artificial",https://maldita.es/malditobulo/20260310/imagen-muestra-soldados-estadounidenses-detenidos-en-iran/,"Tue, 10 Mar 2026 16:58:17 +0100",2026-03-21 23:35
maldita_bulos,"No, este vídeo no muestra ""pilotos israelíes abandonando su servicio para no enfrentarse a Irán"": es una manifestación en Israel de 2024","No, este vídeo no muestra ""pilotos israelíes abandonando su servicio para no enfrentarse a Irán"": es una manifestación en Israel de 2024",https://maldita.es/malditobulo/20260310/este-video-muestra-pilotos-israelies-abandonando-su-servicio-porque-ahora-se-enfrentan-a-iran-y-no-a-palestina/,"Tue, 10 Mar 2026 16:45:04 +0100",2026-03-21 23:35
maldita_bulos,"Este vídeo de Emiliano, un niño sin piernas ni brazos que pide ayuda para llegar a 5 millones de visualizaciones y conseguir sus prótesis, no es real: tiene indicios de haber sido creado con IA","Este vídeo de Emiliano, un niño sin piernas ni brazos que pide ayuda para llegar a 5 millones de visualizaciones y conseguir sus prótesis, no es real: tiene indicios de haber sido creado con IA",https://maldita.es/malditobulo/20260310/si-este-video-llega-a-5-millones-de-personas-podran-comprar-protesis-para-emiliano-un-nino-sin-brazos-ni-piernas/,"Tue, 10 Mar 2026 15:47:20 +0100",2026-03-21 23:35
maldita_bulos,"No, este vídeo no muestra ""israelíes huyendo de Tel Aviv"": se difunde desde mayo de 2025 como una ""recolección"" de un hongo en Nepal","No, este vídeo no muestra ""israelíes huyendo de Tel Aviv"": se difunde desde mayo de 2025 como una ""recolección"" de un hongo en Nepal",https://maldita.es/malditobulo/20260310/este-video-muestra-a-israelies-huyendo-de-tel-aviv-hacia-las-montanas-de-israel/,"Tue, 10 Mar 2026 14:51:26 +0100",2026-03-21 23:35
maldita_bulos,"Qué sabemos sobre la carta de un ""multimillonario de Emiratos Árabes"" a Trump preguntándole que ""quién le había dado permiso"" para la guerra en Irán","Qué sabemos sobre la carta de un ""multimillonario de Emiratos Árabes"" a Trump preguntándole que ""quién le había dado permiso"" para la guerra en Irán",https://maldita.es/malditobulo/20260310/el-multimillonario-de-emiratos-arabes-khalaf-ahmad-al-habtoor-publica-una-carta-para-trump-preguntandole-quien-le-ha-dado-permiso-para-llevarles-a-la-guerra/,"Tue, 10 Mar 2026 14:51:05 +0100",2026-03-21 23:35
maldita_bulos,"No, estos vídeos que supuestamente muestran robots femeninos en el Mobile World Congress 2026 no son reales: fueron generados con IA","No, estos vídeos que supuestamente muestran robots femeninos en el Mobile World Congress 2026 no son reales: fueron generados con IA",https://maldita.es/malditobulo/20260310/video-muestra-robots-femeninos-ultra-realistas-en-el-mobile-world-congress-2026/,"Tue, 10 Mar 2026 14:02:53 +0100",2026-03-21 23:35
maldita_bulos,Las teorías desinformativas sobre la escuela destruida al sur de Irán el 28 de febrero de 2026,Las teorías desinformativas sobre la escuela destruida al sur de Irán el 28 de febrero de 2026,https://maldita.es/malditobulo/20260310/teorias-desinformativas-escuela-ninas-minab-iran/,"Tue, 10 Mar 2026 12:09:00 +0100",2026-03-21 23:35
maldita_bulos,"Es falso que la IA de Meta pueda acceder a ""todos"" tus mensajes de WhatsApp si no activas la privacidad avanzada: solo puede leer aquellos en los que se la menciona o los que se comparten con ella","Es falso que la IA de Meta pueda acceder a ""todos"" tus mensajes de WhatsApp si no activas la privacidad avanzada: solo puede leer aquellos en los que se la menciona o los que se comparten con ella",https://maldita.es/malditobulo/20260310/es-falso-que-la-ia-de-meta-pueda-acceder-a-todos-tus-mensajes-de-whatsapp-si-no-activas-la-privacidad-avanzada-solo-puede-leer-aquellos-en-los-que-se-la-menciona-o-los-que-se-comparten-con-ella/,"Tue, 10 Mar 2026 11:46:00 +0100",2026-03-21 23:35
maldita_bulos,El Gobierno de España ha reconocido como víctimas del franquismo a los exmiembros de ETA ‘Txiki’ y Otaegi que fueron condenados a muerte y ejecutados en 1975,El Gobierno de España ha reconocido como víctimas del franquismo a los exmiembros de ETA ‘Txiki’ y Otaegi que fueron condenados a muerte y ejecutados en 1975,https://maldita.es/malditobulo/20260310/gobierno-espanol-reconoce-txiki-victima-franquismo/,"Tue, 10 Mar 2026 11:43:00 +0100",2026-03-21 23:35
maldita_bulos,Este vídeo de un hombre que afirma que ha sido condenado por intentar echar a okupas de su casa no es una situación real: sale de una cuenta que inventa historias,Este vídeo de un hombre que afirma que ha sido condenado por intentar echar a okupas de su casa no es una situación real: sale de una cuenta que inventa historias,https://maldita.es/malditobulo/20260310/un-hombre-va-a-prision-cuatro-anos-por-querer-echar-a-los-okupas-que-se-han-metido-en-su-casa/,"Tue, 10 Mar 2026 09:51:00 +0100",2026-03-21 23:35
maldita_bulos,"No, este vídeo no muestra un incendio en la residencia de Netanyahu tras la escalada militar en Oriente Medio: son imágenes del 8 de febrero de 2026 en Estados Unidos","No, este vídeo no muestra un incendio en la residencia de Netanyahu tras la escalada militar en Oriente Medio: son imágenes del 8 de febrero de 2026 en Estados Unidos",https://maldita.es/malditobulo/20260309/video-muestra-la-residencia-del-primer-ministro-de-israel-benjamin-netanyahu-en-llamas/,"Mon, 09 Mar 2026 17:08:46 +0100",2026-03-21 23:35
maldita_bulos,"No, este vídeo no muestra ""dos aviones que se rozan en Teruel"": el aeropuerto afirma que se ha creado con un programa de videojuegos y que esas maniobras son ""imposibles""","No, este vídeo no muestra ""dos aviones que se rozan en Teruel"": el aeropuerto afirma que se ha creado con un programa de videojuegos y que esas maniobras son ""imposibles""",https://maldita.es/malditobulo/20260309/dos-boeing-7-casi-chocan-en-el-aeropuerto-de-teruel/,"Mon, 09 Mar 2026 15:53:11 +0100",2026-03-21 23:35
